,,,,,xxxx-xx-xx xx:xx:xx,0,23.100000, 51.000000, 1701376896, Acurite 592TXR, 1214, 433920000, -27.000000
,,,,,xxxx-xx-xx xx:xx:xx,0,22.700001, 52.000000, 1701376912, Acurite 592TXR, 1214, 433920000, -62.000000
20.490000,53.753906,1017.719971,28.057491,-82.431129,2023-12-01 01:42:27,9,23.055555, 55.000000, 1701376946, Ambient_Weather, 60, 433920000, -46.500000
19.799999,56.016602,1017.700012,28.057373,-82.431015,2023-12-01 01:42:57,9,21.799999, 53.000000, 1701376977, Acurite 592TXR, 1214, 433920000, -72.500000
19.559999,54.758789,1017.719971,28.057470,-82.431015,2023-12-01 01:43:14,9,21.700001, 53.000000, 1701376993, Acurite 592TXR, 1214, 433920000, -51.000000
,,,,,xxxx-xx-xx xx:xx:xx,0,22.888887, 59.000000, 1701377008, Ambient_Weather, 60, 433920000, -29.000000
,,,,,xxxx-xx-xx xx:xx:xx,0,21.799999, 54.000000, 1701377009, Acurite 592TXR, 1214, 433920000, -65.500000
,,,,,xxxx-xx-xx xx:xx:xx,0,23.833334, 57.000000, 1701377020, Ambient_Weather, 16, 433920000, -37.500000
20.059999,57.559570,1017.760010,28.057453,-82.431038,2023-12-01 01:43:46,9,22.000000, 54.000000, 1701377026, Acurite 592TXR, 1214, 433920000, -67.000000
20.930000,52.002930,1017.729980,28.057447,-82.431038,2023-12-01 01:44:02,9,22.100000, 54.000000, 1701377042, Acurite 592TXR, 1214, 433920000, -58.500000
21.200001,50.776367,1017.750000,28.057442,-82.431038,2023-12-01 01:44:19,9,22.100000, 54.000000, 1701377058, Acurite 592TXR, 1214, 433920000, -59.000000
21.350000,49.793945,1017.760010,28.057438,-82.431038,2023-12-01 01:44:29,9,23.111111, 58.000000, 1701377068, Ambient_Weather, 60, 433920000, -57.500000
21.389999,49.506836,1017.739990,28.057436,-82.431038,2023-12-01 01:44:33,9,23.833334, 59.000000, 1701377073, Ambient_Weather, 16, 433920000, -55.000000
21.400000,49.553711,1017.770020,28.057436,-82.431038,2023-12-01 01:44:35,9,22.100000, 54.000000, 1701377074, Acurite 592TXR, 1214, 433920000, -58.500000
21.600000,48.260742,1017.750000,28.057438,-82.431046,2023-12-01 01:44:51,9,22.200001, 54.000000, 1701377091, Acurite 592TXR, 1214, 433920000, -58.500000
21.780001,47.806641,1017.739990,28.057442,-82.431046,2023-12-01 01:45:07,9,22.200001, 54.000000, 1701377107, Acurite 592TXR, 1214, 433920000, -58.500000
21.950001,46.833984,1017.729980,28.057438,-82.431046,2023-12-01 01:45:24,9,22.200001, 54.000000, 1701377123, Acurite 592TXR, 1214, 433920000, -59.000000
21.969999,46.781250,1017.750000,28.057438,-82.431046,2023-12-01 01:45:26,9,23.944445, 59.000000, 1701377126, Ambient_Weather, 16, 433920000, -55.000000
22.010000,46.604492,1017.760010,28.057440,-82.431046,2023-12-01 01:45:30,9,23.222225, 57.000000, 1701377129, Ambient_Weather, 60, 433920000, -58.000000
22.090000,46.387695,1017.780029,28.057436,-82.431038,2023-12-01 01:45:40,10,22.299999, 54.000000, 1701377139, Acurite 592TXR, 1214, 433920000, -58.500000
22.230000,45.670898,1017.750000,28.057438,-82.431038,2023-12-01 01:45:56,10,22.299999, 54.000000, 1701377156, Acurite 592TXR, 1214, 433920000, -58.500000
22.370001,45.054688,1017.770020,28.057438,-82.431038,2023-12-01 01:46:12,10,22.299999, 54.000000, 1701377172, Acurite 592TXR, 1214, 433920000, -58.500000
22.420000,45.092773,1017.760010,28.057438,-82.431038,2023-12-01 01:46:19,10,23.888889, 58.000000, 1701377179, Ambient_Weather, 16, 433920000, -55.500000
22.490000,44.659180,1017.809998,28.057440,-82.431038,2023-12-01 01:46:29,10,22.299999, 54.000000, 1701377188, Acurite 592TXR, 1214, 433920000, -58.500000
22.510000,44.627930,1017.809998,28.057440,-82.431038,2023-12-01 01:46:31,10,23.222225, 56.000000, 1701377190, Ambient_Weather, 60, 433920000, -57.500000
22.600000,44.388672,1017.789978,28.057440,-82.431038,2023-12-01 01:46:45,10,22.400000, 54.000000, 1701377204, Acurite 592TXR, 1214, 433920000, -58.500000
22.700001,43.609375,1017.840027,28.057440,-82.431038,2023-12-01 01:47:01,10,22.400000, 53.000000, 1701377221, Acurite 592TXR, 1214, 433920000, -59.000000
22.760000,43.479492,1017.820007,28.057442,-82.431038,2023-12-01 01:47:12,10,23.888889, 57.000000, 1701377232, Ambient_Weather, 16, 433920000, -55.500000
22.790001,43.345703,1017.820007,28.057442,-82.431038,2023-12-01 01:47:17,10,22.400000, 53.000000, 1701377237, Acurite 592TXR, 1214, 433920000, -58.500000
22.830000,43.294922,1017.849976,28.057442,-82.431038,2023-12-01 01:47:32,10,23.277779, 55.000000, 1701377251, Ambient_Weather, 60, 433920000, -58.000000
22.840000,43.170898,1017.849976,28.057442,-82.431038,2023-12-01 01:47:34,10,22.400000, 53.000000, 1701377253, Acurite 592TXR, 1214, 433920000, -58.500000
22.910000,42.940430,1017.840027,28.057444,-82.431038,2023-12-01 01:47:50,10,22.400000, 53.000000, 1701377269, Acurite 592TXR, 1214, 433920000, -58.500000
22.950001,42.650391,1017.880005,28.057444,-82.431038,2023-12-01 01:48:05,10,23.888889, 57.000000, 1701377285, Ambient_Weather, 16, 433920000, -55.500000
22.959999,42.617188,1017.880005,28.057444,-82.431038,2023-12-01 01:48:06,10,22.500000, 53.000000, 1701377286, Acurite 592TXR, 1214, 433920000, -58.500000
23.000000,42.395508,1017.859985,28.057446,-82.431038,2023-12-01 01:48:22,10,22.500000, 53.000000, 1701377302, Acurite 592TXR, 1214, 433920000, -59.000000
23.030001,42.228516,1017.890015,28.057446,-82.431038,2023-12-01 01:48:33,10,23.277779, 54.000000, 1701377312, Ambient_Weather, 60, 433920000, -58.500000
23.040001,42.241211,1017.869995,28.057451,-82.431038,2023-12-01 01:48:39,10,22.500000, 53.000000, 1701377318, Acurite 592TXR, 1214, 433920000, -59.000000
23.070000,42.097656,1017.840027,28.057472,-82.431046,2023-12-01 01:48:55,10,22.500000, 53.000000, 1701377334, Acurite 592TXR, 1214, 433920000, -59.000000
23.080000,42.052734,1017.859985,28.057472,-82.431046,2023-12-01 01:48:58,10,23.833334, 56.000000, 1701377338, Ambient_Weather, 16, 433920000, -55.000000
23.120001,41.864258,1017.869995,28.057472,-82.431046,2023-12-01 01:49:11,10,22.500000, 53.000000, 1701377351, Acurite 592TXR, 1214, 433920000, -58.500000
23.160000,41.631836,1017.919983,28.057472,-82.431046,2023-12-01 01:49:27,10,22.500000, 53.000000, 1701377367, Acurite 592TXR, 1214, 433920000, -58.500000
23.180000,41.407227,1017.919983,28.057472,-82.431046,2023-12-01 01:49:34,10,23.333334, 54.000000, 1701377373, Ambient_Weather, 60, 433920000, -58.500000
23.200001,41.465820,1017.909973,28.057472,-82.431046,2023-12-01 01:49:44,10,22.600000, 53.000000, 1701377383, Acurite 592TXR, 1214, 433920000, -58.500000
23.209999,41.365234,1017.909973,28.057472,-82.431046,2023-12-01 01:49:51,10,23.833334, 56.000000, 1701377391, Ambient_Weather, 16, 433920000, -55.000000
23.219999,41.320312,1017.900024,28.057474,-82.431046,2023-12-01 01:50:00,10,22.600000, 53.000000, 1701377399, Acurite 592TXR, 1214, 433920000, -58.500000
23.230000,41.163086,1017.909973,28.057474,-82.431046,2023-12-01 01:50:16,10,22.600000, 53.000000, 1701377416, Acurite 592TXR, 1214, 433920000, -58.500000
23.260000,41.030273,1017.929993,28.057474,-82.431046,2023-12-01 01:50:32,10,22.600000, 53.000000, 1701377432, Acurite 592TXR, 1214, 433920000, -59.000000
23.270000,41.007812,1017.940002,28.057474,-82.431046,2023-12-01 01:50:35,10,23.333334, 54.000000, 1701377435, Ambient_Weather, 60, 433920000, -58.500000
23.290001,40.975586,1017.919983,28.057474,-82.431046,2023-12-01 01:50:44,10,23.777781, 56.000000, 1701377444, Ambient_Weather, 16, 433920000, -55.500000
23.299999,40.898438,1017.900024,28.057474,-82.431046,2023-12-01 01:50:49,10,22.600000, 52.000000, 1701377448, Acurite 592TXR, 1214, 433920000, -59.000000
23.340000,40.776367,1017.900024,28.057474,-82.431046,2023-12-01 01:51:05,10,22.600000, 52.000000, 1701377464, Acurite 592TXR, 1214, 433920000, -59.000000
23.360001,40.575195,1017.869995,28.057474,-82.431046,2023-12-01 01:51:21,10,22.700001, 52.000000, 1701377481, Acurite 592TXR, 1214, 433920000, -58.500000
23.379999,40.418945,1017.880005,28.057474,-82.431046,2023-12-01 01:51:36,11,23.388889, 53.000000, 1701377495, Ambient_Weather, 60, 433920000, -58.000000
23.389999,40.407227,1017.900024,28.057474,-82.431046,2023-12-01 01:51:37,11,23.777781, 55.000000, 1701377497, Ambient_Weather, 16, 433920000, -55.500000
23.389999,40.407227,1017.900024,28.057474,-82.431046,2023-12-01 01:51:37,11,22.700001, 52.000000, 1701377497, Acurite 592TXR, 1214, 433920000, -58.500000
23.389999,40.430664,1017.900024,28.057474,-82.431046,2023-12-01 01:51:54,11,22.700001, 52.000000, 1701377513, Acurite 592TXR, 1214, 433920000, -59.000000
23.410000,40.320312,1017.880005,28.057474,-82.431046,2023-12-01 01:52:10,11,22.700001, 52.000000, 1701377529, Acurite 592TXR, 1214, 433920000, -58.500000
23.440001,40.129883,1017.909973,28.057474,-82.431046,2023-12-01 01:52:26,11,22.700001, 52.000000, 1701377546, Acurite 592TXR, 1214, 433920000, -58.500000
23.450001,40.051758,1017.900024,28.057474,-82.431046,2023-12-01 01:52:30,11,23.722221, 55.000000, 1701377550, Ambient_Weather, 16, 433920000, -55.500000
23.450001,40.040039,1017.880005,28.057474,-82.431046,2023-12-01 01:52:37,11,23.388889, 53.000000, 1701377556, Ambient_Weather, 60, 433920000, -57.500000
23.459999,39.927734,1017.869995,28.057474,-82.431046,2023-12-01 01:52:42,11,22.700001, 52.000000, 1701377562, Acurite 592TXR, 1214, 433920000, -59.000000
23.469999,40.019531,1017.869995,28.057474,-82.431046,2023-12-01 01:52:59,11,22.700001, 52.000000, 1701377578, Acurite 592TXR, 1214, 433920000, -59.000000
23.490000,39.829102,1017.880005,28.057474,-82.431046,2023-12-01 01:53:15,11,22.700001, 52.000000, 1701377594, Acurite 592TXR, 1214, 433920000, -59.000000
23.480000,39.895508,1017.880005,28.057474,-82.431046,2023-12-01 01:53:23,11,23.722221, 55.000000, 1701377603, Ambient_Weather, 16, 433920000, -55.500000
23.480000,39.862305,1017.820007,28.057474,-82.431046,2023-12-01 01:53:31,11,22.700001, 52.000000, 1701377611, Acurite 592TXR, 1214, 433920000, -59.000000
23.480000,39.805664,1017.830017,28.057474,-82.431046,2023-12-01 01:53:38,11,23.444443, 53.000000, 1701377617, Ambient_Weather, 60, 433920000, -58.500000
23.480000,39.793945,1017.820007,28.057474,-82.431046,2023-12-01 01:53:47,11,22.700001, 52.000000, 1701377627, Acurite 592TXR, 1214, 433920000, -59.000000
23.490000,39.659180,1017.849976,28.057474,-82.431046,2023-12-01 01:54:04,11,22.700001, 52.000000, 1701377643, Acurite 592TXR, 1214, 433920000, -59.000000
23.490000,39.603516,1017.830017,28.057474,-82.431046,2023-12-01 01:54:16,11,23.722221, 55.000000, 1701377656, Ambient_Weather, 16, 433920000, -55.500000
23.500000,39.557617,1017.820007,28.057474,-82.431046,2023-12-01 01:54:20,11,22.700001, 52.000000, 1701377659, Acurite 592TXR, 1214, 433920000, -58.500000
23.510000,39.524414,1017.820007,28.057474,-82.431038,2023-12-01 01:54:36,11,22.700001, 52.000000, 1701377676, Acurite 592TXR, 1214, 433920000, -59.000000
23.510000,39.501953,1017.820007,28.057474,-82.431038,2023-12-01 01:54:39,11,23.444443, 52.000000, 1701377678, Ambient_Weather, 60, 433920000, -58.500000
23.510000,39.501953,1017.809998,28.057474,-82.431038,2023-12-01 01:54:52,11,22.700001, 52.000000, 1701377692, Acurite 592TXR, 1214, 433920000, -59.000000
23.520000,39.265625,1017.780029,28.057474,-82.431038,2023-12-01 01:55:09,11,22.700001, 52.000000, 1701377708, Acurite 592TXR, 1214, 433920000, -58.500000
23.520000,39.434570,1017.780029,28.057474,-82.431038,2023-12-01 01:55:09,11,23.666666, 55.000000, 1701377709, Ambient_Weather, 16, 433920000, -55.000000
23.530001,39.289062,1017.789978,28.057474,-82.431038,2023-12-01 01:55:25,10,22.799999, 52.000000, 1701377724, Acurite 592TXR, 1214, 433920000, -59.000000
23.530001,39.265625,1017.770020,28.057474,-82.431038,2023-12-01 01:55:40,10,23.444443, 52.000000, 1701377739, Ambient_Weather, 60, 433920000, -58.000000
23.530001,39.265625,1017.770020,28.057474,-82.431038,2023-12-01 01:55:41,10,22.799999, 51.000000, 1701377741, Acurite 592TXR, 1214, 433920000, -58.500000
23.520000,39.288086,1017.760010,28.057474,-82.431038,2023-12-01 01:55:57,10,22.799999, 51.000000, 1701377757, Acurite 592TXR, 1214, 433920000, -59.000000
23.500000,39.286133,1017.770020,28.057474,-82.431038,2023-12-01 01:56:02,10,23.666666, 55.000000, 1701377762, Ambient_Weather, 16, 433920000, -55.000000
23.490000,39.297852,1017.760010,28.057474,-82.431038,2023-12-01 01:56:14,10,22.799999, 51.000000, 1701377773, Acurite 592TXR, 1214, 433920000, -59.000000
23.510000,39.196289,1017.750000,28.057474,-82.431038,2023-12-01 01:56:30,10,22.799999, 51.000000, 1701377789, Acurite 592TXR, 1214, 433920000, -58.500000
23.520000,39.198242,1017.770020,28.057474,-82.431038,2023-12-01 01:56:41,10,23.500002, 52.000000, 1701377800, Ambient_Weather, 60, 433920000, -58.000000
23.530001,39.084961,1017.750000,28.057474,-82.431038,2023-12-01 01:56:46,10,22.799999, 51.000000, 1701377806, Acurite 592TXR, 1214, 433920000, -59.000000
23.520000,39.164062,1017.760010,28.057474,-82.431038,2023-12-01 01:56:55,11,23.666666, 54.000000, 1701377815, Ambient_Weather, 16, 433920000, -55.000000
23.510000,39.185547,1017.760010,28.057474,-82.431038,2023-12-01 01:57:02,11,22.799999, 51.000000, 1701377822, Acurite 592TXR, 1214, 433920000, -59.000000
23.520000,39.027344,1017.729980,28.057474,-82.431038,2023-12-01 01:57:19,11,22.799999, 51.000000, 1701377838, Acurite 592TXR, 1214, 433920000, -58.500000
23.540001,38.894531,1017.729980,28.057474,-82.431038,2023-12-01 01:57:35,11,22.799999, 51.000000, 1701377854, Acurite 592TXR, 1214, 433920000, -58.500000
23.540001,38.894531,1017.739990,28.057474,-82.431038,2023-12-01 01:57:42,11,23.500002, 52.000000, 1701377861, Ambient_Weather, 60, 433920000, -58.000000
23.549999,38.882812,1017.739990,28.057474,-82.431038,2023-12-01 01:57:48,11,23.666666, 54.000000, 1701377868, Ambient_Weather, 16, 433920000, -55.000000
23.549999,38.905273,1017.729980,28.057474,-82.431038,2023-12-01 01:57:51,11,22.799999, 51.000000, 1701377871, Acurite 592TXR, 1214, 433920000, -58.500000
23.530001,38.971680,1017.729980,28.057474,-82.431038,2023-12-01 01:58:07,11,22.799999, 51.000000, 1701377887, Acurite 592TXR, 1214, 433920000, -59.000000
23.540001,38.882812,1017.729980,28.057474,-82.431038,2023-12-01 01:58:24,11,22.799999, 51.000000, 1701377903, Acurite 592TXR, 1214, 433920000, -58.500000
23.540001,38.746094,1017.729980,28.057474,-82.431038,2023-12-01 01:58:40,11,22.799999, 51.000000, 1701377919, Acurite 592TXR, 1214, 433920000, -58.500000
23.540001,38.814453,1017.719971,28.057474,-82.431038,2023-12-01 01:58:41,11,23.611113, 54.000000, 1701377921, Ambient_Weather, 16, 433920000, -55.500000
23.540001,38.802734,1017.719971,28.057474,-82.431038,2023-12-01 01:58:43,11,23.500002, 51.000000, 1701377922, Ambient_Weather, 60, 433920000, -58.000000
23.549999,38.747070,1017.719971,28.057474,-82.431038,2023-12-01 01:58:56,11,22.799999, 51.000000, 1701377936, Acurite 592TXR, 1214, 433920000, -58.500000
23.549999,38.712891,1017.710022,28.057474,-82.431038,2023-12-01 01:59:12,11,22.799999, 51.000000, 1701377952, Acurite 592TXR, 1214, 433920000, -59.000000
23.559999,38.600586,1017.739990,28.057472,-82.431038,2023-12-01 01:59:29,11,22.799999, 51.000000, 1701377968, Acurite 592TXR, 1214, 433920000, -58.500000
23.559999,38.543945,1017.750000,28.057472,-82.431038,2023-12-01 01:59:34,11,23.611113, 54.000000, 1701377974, Ambient_Weather, 16, 433920000, -55.500000
23.570000,38.533203,1017.739990,28.057472,-82.431038,2023-12-01 01:59:44,11,23.500002, 51.000000, 1701377983, Ambient_Weather, 60, 433920000, -58.000000
23.570000,38.533203,1017.739990,28.057470,-82.431038,2023-12-01 01:59:45,11,22.799999, 51.000000, 1701377984, Acurite 592TXR, 1214, 433920000, -59.000000
23.570000,38.556641,1017.719971,28.057453,-82.431030,2023-12-01 02:00:01,11,22.799999, 51.000000, 1701378001, Acurite 592TXR, 1214, 433920000, -59.000000
23.570000,38.489258,1017.729980,28.057447,-82.431030,2023-12-01 02:00:17,11,22.799999, 51.000000, 1701378017, Acurite 592TXR, 1214, 433920000, -59.000000
23.570000,38.488281,1017.750000,28.057446,-82.431030,2023-12-01 02:00:27,11,23.611113, 54.000000, 1701378027, Ambient_Weather, 16, 433920000, -55.500000
23.559999,38.476562,1017.770020,28.057446,-82.431030,2023-12-01 02:00:34,11,22.799999, 51.000000, 1701378033, Acurite 592TXR, 1214, 433920000, -58.500000
23.540001,38.577148,1017.780029,28.057446,-82.431030,2023-12-01 02:00:45,11,23.500002, 51.000000, 1701378044, Ambient_Weather, 60, 433920000, -58.000000
23.540001,38.541992,1017.760010,28.057446,-82.431030,2023-12-01 02:00:50,11,22.799999, 51.000000, 1701378049, Acurite 592TXR, 1214, 433920000, -58.500000
23.540001,38.554688,1017.760010,28.057446,-82.431030,2023-12-01 02:01:06,11,22.799999, 51.000000, 1701378066, Acurite 592TXR, 1214, 433920000, -58.500000
23.549999,38.441406,1017.750000,28.057446,-82.431030,2023-12-01 02:01:20,11,23.611113, 54.000000, 1701378080, Ambient_Weather, 16, 433920000, -55.500000
23.549999,38.452148,1017.750000,28.057446,-82.431030,2023-12-01 02:01:22,11,22.799999, 51.000000, 1701378082, Acurite 592TXR, 1214, 433920000, -58.500000
23.549999,38.373047,1017.760010,28.057446,-82.431030,2023-12-01 02:01:39,11,22.799999, 51.000000, 1701378098, Acurite 592TXR, 1214, 433920000, -59.000000
23.549999,38.395508,1017.750000,28.057446,-82.431030,2023-12-01 02:01:46,11,23.500002, 51.000000, 1701378105, Ambient_Weather, 60, 433920000, -58.000000
23.559999,38.374023,1017.750000,28.057444,-82.431030,2023-12-01 02:01:55,11,22.799999, 51.000000, 1701378114, Acurite 592TXR, 1214, 433920000, -58.500000
23.540001,38.429688,1017.789978,28.057444,-82.431030,2023-12-01 02:02:11,11,22.799999, 51.000000, 1701378131, Acurite 592TXR, 1214, 433920000, -58.500000
23.540001,38.440430,1017.770020,28.057444,-82.431030,2023-12-01 02:02:13,11,23.555557, 54.000000, 1701378133, Ambient_Weather, 16, 433920000, -55.000000
23.540001,38.350586,1017.780029,28.057444,-82.431030,2023-12-01 02:02:27,11,22.799999, 50.000000, 1701378147, Acurite 592TXR, 1214, 433920000, -58.500000
23.549999,38.350586,1017.780029,28.057444,-82.431030,2023-12-01 02:02:44,11,22.799999, 50.000000, 1701378163, Acurite 592TXR, 1214, 433920000, -58.500000
23.549999,38.338867,1017.760010,28.057444,-82.431030,2023-12-01 02:02:47,11,23.500002, 51.000000, 1701378166, Ambient_Weather, 60, 433920000, -58.000000
23.549999,38.180664,1017.780029,28.057444,-82.431030,2023-12-01 02:03:00,11,22.799999, 50.000000, 1701378179, Acurite 592TXR, 1214, 433920000, -58.500000
23.549999,38.259766,1017.780029,28.057444,-82.431030,2023-12-01 02:03:06,11,23.555557, 54.000000, 1701378186, Ambient_Weather, 16, 433920000, -55.000000
23.549999,38.214844,1017.780029,28.057444,-82.431030,2023-12-01 02:03:16,11,22.799999, 50.000000, 1701378196, Acurite 592TXR, 1214, 433920000, -58.500000
23.549999,38.249023,1017.789978,28.057444,-82.431030,2023-12-01 02:03:32,11,22.799999, 50.000000, 1701378212, Acurite 592TXR, 1214, 433920000, -58.500000
23.549999,38.203125,1017.820007,28.057442,-82.431030,2023-12-01 02:03:48,11,23.500002, 50.000000, 1701378227, Ambient_Weather, 60, 433920000, -58.000000
23.549999,38.203125,1017.820007,28.057442,-82.431030,2023-12-01 02:03:49,11,22.799999, 50.000000, 1701378228, Acurite 592TXR, 1214, 433920000, -58.500000
23.549999,38.180664,1017.809998,28.057442,-82.431030,2023-12-01 02:03:59,11,23.555557, 53.000000, 1701378239, Ambient_Weather, 16, 433920000, -55.000000
23.540001,38.203125,1017.830017,28.057442,-82.431030,2023-12-01 02:04:05,11,22.799999, 50.000000, 1701378244, Acurite 592TXR, 1214, 433920000, -58.500000
23.530001,38.178711,1017.830017,28.057442,-82.431030,2023-12-01 02:04:21,11,22.799999, 50.000000, 1701378261, Acurite 592TXR, 1214, 433920000, -58.500000
23.530001,38.178711,1017.830017,28.057442,-82.431030,2023-12-01 02:04:37,11,22.799999, 50.000000, 1701378277, Acurite 592TXR, 1214, 433920000, -58.500000
23.530001,38.133789,1017.830017,28.057444,-82.431030,2023-12-01 02:04:49,11,23.500002, 50.000000, 1701378288, Ambient_Weather, 60, 433920000, -58.000000
23.530001,38.088867,1017.840027,28.057444,-82.431030,2023-12-01 02:04:52,11,23.555557, 53.000000, 1701378292, Ambient_Weather, 16, 433920000, -55.000000
23.530001,38.099609,1017.840027,28.057444,-82.431030,2023-12-01 02:04:54,11,22.799999, 50.000000, 1701378293, Acurite 592TXR, 1214, 433920000, -58.500000
23.530001,38.111328,1017.840027,28.057444,-82.431023,2023-12-01 02:05:10,11,22.799999, 50.000000, 1701378309, Acurite 592TXR, 1214, 433920000, -59.000000
23.540001,38.055664,1017.859985,28.057444,-82.431023,2023-12-01 02:05:26,11,22.799999, 50.000000, 1701378326, Acurite 592TXR, 1214, 433920000, -59.000000
23.530001,38.065430,1017.859985,28.057444,-82.431023,2023-12-01 02:05:42,11,22.799999, 50.000000, 1701378342, Acurite 592TXR, 1214, 433920000, -58.500000
23.530001,38.065430,1017.869995,28.057444,-82.431023,2023-12-01 02:05:45,11,23.500002, 53.000000, 1701378345, Ambient_Weather, 16, 433920000, -55.000000
23.520000,38.054688,1017.869995,28.057444,-82.431023,2023-12-01 02:05:50,11,23.500002, 50.000000, 1701378349, Ambient_Weather, 60, 433920000, -58.000000
23.520000,38.031250,1017.859985,28.057444,-82.431023,2023-12-01 02:05:59,11,22.799999, 50.000000, 1701378358, Acurite 592TXR, 1214, 433920000, -59.000000
23.500000,38.075195,1017.869995,28.057444,-82.431023,2023-12-01 02:06:15,11,22.799999, 50.000000, 1701378374, Acurite 592TXR, 1214, 433920000, -59.000000
23.510000,38.052734,1017.859985,28.057444,-82.431023,2023-12-01 02:06:31,11,22.799999, 50.000000, 1701378391, Acurite 592TXR, 1214, 433920000, -59.000000
23.510000,38.041992,1017.869995,28.057444,-82.431023,2023-12-01 02:06:38,11,23.500002, 53.000000, 1701378398, Ambient_Weather, 16, 433920000, -55.000000
23.500000,38.085938,1017.890015,28.057444,-82.431023,2023-12-01 02:06:47,11,22.799999, 50.000000, 1701378407, Acurite 592TXR, 1214, 433920000, -59.000000
23.500000,38.063477,1017.869995,28.057444,-82.431023,2023-12-01 02:06:51,11,23.500002, 50.000000, 1701378410, Ambient_Weather, 60, 433920000, -58.000000
23.490000,38.018555,1017.869995,28.057444,-82.431023,2023-12-01 02:07:04,11,22.799999, 50.000000, 1701378423, Acurite 592TXR, 1214, 433920000, -59.000000
23.490000,38.005859,1017.890015,28.057444,-82.431023,2023-12-01 02:07:20,11,22.799999, 50.000000, 1701378439, Acurite 592TXR, 1214, 433920000, -59.000000
23.490000,38.017578,1017.890015,28.057446,-82.431023,2023-12-01 02:07:31,11,23.500002, 53.000000, 1701378451, Ambient_Weather, 16, 433920000, -55.000000
23.490000,37.995117,1017.890015,28.057446,-82.431023,2023-12-01 02:07:36,11,22.799999, 50.000000, 1701378456, Acurite 592TXR, 1214, 433920000, -59.000000
23.490000,37.927734,1017.890015,28.057446,-82.431023,2023-12-01 02:07:52,11,23.500002, 50.000000, 1701378471, Ambient_Weather, 60, 433920000, -58.000000
23.490000,37.927734,1017.890015,28.057446,-82.431023,2023-12-01 02:07:52,11,22.799999, 50.000000, 1701378472, Acurite 592TXR, 1214, 433920000, -59.000000
23.500000,37.961914,1017.890015,28.057446,-82.431023,2023-12-01 02:08:09,11,22.799999, 50.000000, 1701378488, Acurite 592TXR, 1214, 433920000, -58.500000
23.500000,37.927734,1017.890015,28.057446,-82.431023,2023-12-01 02:08:24,11,23.500002, 53.000000, 1701378504, Ambient_Weather, 16, 433920000, -55.000000
23.500000,37.927734,1017.890015,28.057446,-82.431023,2023-12-01 02:08:25,11,22.799999, 50.000000, 1701378504, Acurite 592TXR, 1214, 433920000, -59.000000
23.469999,37.948242,1017.880005,28.057446,-82.431023,2023-12-01 02:08:41,11,22.799999, 50.000000, 1701378521, Acurite 592TXR, 1214, 433920000, -59.000000
23.469999,37.993164,1017.900024,28.057446,-82.431023,2023-12-01 02:08:53,11,23.500002, 50.000000, 1701378532, Ambient_Weather, 60, 433920000, -58.000000
23.459999,37.981445,1017.900024,28.057447,-82.431023,2023-12-01 02:08:57,11,22.799999, 50.000000, 1701378537, Acurite 592TXR, 1214, 433920000, -59.000000
23.459999,37.901367,1017.880005,28.057447,-82.431023,2023-12-01 02:09:14,11,22.799999, 50.000000, 1701378553, Acurite 592TXR, 1214, 433920000, -59.000000
23.459999,37.934570,1017.880005,28.057447,-82.431023,2023-12-01 02:09:17,11,23.444443, 53.000000, 1701378557, Ambient_Weather, 16, 433920000, -55.000000
23.459999,37.935547,1017.900024,28.057447,-82.431023,2023-12-01 02:09:30,10,22.799999, 50.000000, 1701378569, Acurite 592TXR, 1214, 433920000, -59.000000
23.459999,37.833984,1017.869995,28.057447,-82.431023,2023-12-01 02:09:46,10,22.799999, 50.000000, 1701378586, Acurite 592TXR, 1214, 433920000, -59.000000
23.459999,37.868164,1017.880005,28.057447,-82.431023,2023-12-01 02:09:54,10,23.444443, 50.000000, 1701378593, Ambient_Weather, 60, 433920000, -58.500000
23.459999,37.877930,1017.880005,28.057447,-82.431023,2023-12-01 02:10:02,10,22.799999, 50.000000, 1701378602, Acurite 592TXR, 1214, 433920000, -59.000000
23.459999,37.856445,1017.859985,28.057447,-82.431023,2023-12-01 02:10:10,10,23.444443, 53.000000, 1701378610, Ambient_Weather, 16, 433920000, -55.000000
23.459999,37.890625,1017.880005,28.057447,-82.431023,2023-12-01 02:10:19,10,22.799999, 50.000000, 1701378618, Acurite 592TXR, 1214, 433920000, -59.000000
23.469999,37.823242,1017.859985,28.057447,-82.431023,2023-12-01 02:10:35,11,22.799999, 50.000000, 1701378634, Acurite 592TXR, 1214, 433920000, -58.500000
23.450001,40.357422,1017.859985,28.057447,-82.431023,2023-12-01 02:10:51,11,22.799999, 50.000000, 1701378651, Acurite 592TXR, 1214, 433920000, -63.500000
23.440001,39.518555,1017.849976,28.057447,-82.431023,2023-12-01 02:10:55,11,23.444443, 50.000000, 1701378654, Ambient_Weather, 60, 433920000, -62.500000
23.420000,39.018555,1017.859985,28.057449,-82.431023,2023-12-01 02:11:03,11,23.444443, 53.000000, 1701378663, Ambient_Weather, 16, 433920000, -60.000000
23.410000,44.662109,1017.869995,28.057449,-82.431023,2023-12-01 02:11:07,11,22.799999, 50.000000, 1701378667, Acurite 592TXR, 1214, 433920000, -60.500000
23.370001,40.813477,1017.890015,28.057449,-82.431023,2023-12-01 02:11:24,11,22.700001, 50.000000, 1701378683, Acurite 592TXR, 1214, 433920000, -66.000000
23.309999,41.408203,1017.869995,28.057451,-82.431023,2023-12-01 02:11:40,10,22.700001, 50.000000, 1701378699, Acurite 592TXR, 1214, 433920000, -64.500000
,,,,,xxxx-xx-xx xx:xx:xx,0,19.600000, 59.000000, 1701379170, Acurite 592TXR, 1214, 433920000, -46.500000
,,,28.057520,-82.431068,2023-12-01 02:19:47,9,19.600000, 59.000000, 1701379186, Acurite 592TXR, 1214, 433920000, -46.500000
,,,28.057531,-82.431053,2023-12-01 02:20:04,9,19.500000, 60.000000, 1701379203, Acurite 592TXR, 1214, 433920000, -46.500000
,,,28.057531,-82.431053,2023-12-01 02:20:04,9,21.666668, 60.000000, 1701379203, Ambient_Weather, 60, 433920000, -32.500000
,,,,,xxxx-xx-xx xx:xx:xx,0,19.400000, 60.000000, 1701379219, Acurite 592TXR, 1214, 433920000, -47.500000
,,,,,xxxx-xx-xx xx:xx:xx,0,19.299999, 60.000000, 1701379268, Acurite 592TXR, 1214, 433920000, -48.500000
19.030001,59.563477,1017.770020,28.057503,-82.431084,2023-12-01 02:21:25,10,19.200001, 61.000000, 1701379284, Acurite 592TXR, 1214, 433920000, -48.500000
19.030001,59.430664,1017.760010,28.057505,-82.431084,2023-12-01 02:21:41,10,19.200001, 61.000000, 1701379300, Acurite 592TXR, 1214, 433920000, -48.500000
,,,,,xxxx-xx-xx xx:xx:xx,0,23.888889, 78.000000, 1701380240, Ambient_Weather, 60, 433920000, -46.500000
,,,,,xxxx-xx-xx xx:xx:xx,0,26.200001, 60.000000, 1701380250, Acurite 592TXR, 1214, 433920000, -55.500000
,,,,,xxxx-xx-xx xx:xx:xx,0,26.200001, 59.000000, 1701380266, Acurite 592TXR, 1214, 433920000, -49.500000
,,,,,xxxx-xx-xx xx:xx:xx,0,25.600000, 51.000000, 1701380298, Acurite 592TXR, 1214, 433920000, -59.500000
,,,,,xxxx-xx-xx xx:xx:xx,0,23.777781, 70.000000, 1701380301, Ambient_Weather, 60, 433920000, -45.000000
,,,,,xxxx-xx-xx xx:xx:xx,0,25.833334, 62.000000, 1701380306, Ambient_Weather, 16, 433920000, -31.000000
,,,,,xxxx-xx-xx xx:xx:xx,0,25.200001, 51.000000, 1701380315, Acurite 592TXR, 1214, 433920000, -62.000000
,,,,,xxxx-xx-xx xx:xx:xx,0,24.500000, 51.000000, 1701380347, Acurite 592TXR, 1214, 433920000, -53.500000
,,,28.057539,-82.431007,2023-12-01 02:39:19,10,25.166670, 60.000000, 1701380358, Ambient_Weather, 16, 433920000, -31.500000
,,,28.057539,-82.431007,2023-12-01 02:39:23,10,23.388889, 66.000000, 1701380362, Ambient_Weather, 60, 433920000, -44.000000
,,,28.057539,-82.431007,2023-12-01 02:39:24,10,24.100000, 51.000000, 1701380363, Acurite 592TXR, 1214, 433920000, -55.500000
,,,,,xxxx-xx-xx xx:xx:xx,0,23.700001, 51.000000, 1701380380, Acurite 592TXR, 1214, 433920000, -55.500000
,,,,,xxxx-xx-xx xx:xx:xx,0,23.500000, 51.000000, 1701380396, Acurite 592TXR, 1214, 433920000, -55.500000
19.070000,60.249023,1017.770020,28.057545,-82.430992,2023-12-01 02:40:12,11,24.444445, 59.000000, 1701380411, Ambient_Weather, 16, 433920000, -31.500000
19.070000,60.249023,1017.770020,28.057545,-82.430992,2023-12-01 02:40:13,11,23.100000, 52.000000, 1701380412, Acurite 592TXR, 1214, 433920000, -58.000000
19.090000,60.141602,1017.780029,28.057550,-82.430992,2023-12-01 02:40:24,11,22.944447, 64.000000, 1701380423, Ambient_Weather, 60, 433920000, -44.000000
19.080000,60.073242,1017.789978,28.057550,-82.431000,2023-12-01 02:40:29,11,22.799999, 52.000000, 1701380428, Acurite 592TXR, 1214, 433920000, -56.000000
19.070000,60.416016,1017.789978,28.057552,-82.431007,2023-12-01 02:40:45,10,22.500000, 53.000000, 1701380445, Acurite 592TXR, 1214, 433920000, -57.500000
,,,,,xxxx-xx-xx xx:xx:xx,0,22.000000, 63.000000, 1701380606, Ambient_Weather, 60, 433920000, -43.500000
,,,,,xxxx-xx-xx xx:xx:xx,0,21.000000, 57.000000, 1701380607, Acurite 592TXR, 1214, 433920000, -56.000000
20.139999,60.831055,1131.400024,28.057564,-82.431007,2023-12-01 02:43:44,10,21.000000, 57.000000, 1701380623, Acurite 592TXR, 1214, 433920000, -55.500000
20.139999,60.831055,1131.400024,28.057564,-82.431007,2023-12-01 02:43:44,10,22.444447, 64.000000, 1701380623, Ambient_Weather, 16, 433920000, -31.000000
,,,,,xxxx-xx-xx xx:xx:xx,0,20.799999, 57.000000, 1701380640, Acurite 592TXR, 1214, 433920000, -55.000000
,,,,,xxxx-xx-xx xx:xx:xx,0,20.944443, 69.000000, 1701381207, Ambient_Weather, 16, 433920000, -34.000000
,,,,,xxxx-xx-xx xx:xx:xx,0,19.700001, 61.000000, 1701381209, Acurite 592TXR, 1214, 433920000, -46.500000
,,,,,xxxx-xx-xx xx:xx:xx,0,20.666666, 67.000000, 1701381217, Ambient_Weather, 60, 433920000, -42.500000
,,,28.057531,-82.431038,2023-12-01 02:53:45,9,19.700001, 61.000000, 1701381225, Acurite 592TXR, 1214, 433920000, -45.500000
,,,28.057528,-82.431038,2023-12-01 02:54:02,9,19.700001, 61.000000, 1701381242, Acurite 592TXR, 1214, 433920000, -45.500000
,,,,,xxxx-xx-xx xx:xx:xx,0,19.799999, 61.000000, 1701381258, Acurite 592TXR, 1214, 433920000, -56.000000
,,,,,xxxx-xx-xx xx:xx:xx,0,20.833334, 69.000000, 1701381260, Ambient_Weather, 16, 433920000, -33.500000
,,,,,xxxx-xx-xx xx:xx:xx,0,19.799999, 61.000000, 1701381291, Acurite 592TXR, 1214, 433920000, -48.500000
,,,,,xxxx-xx-xx xx:xx:xx,0,20.000000, 60.000000, 1701381307, Acurite 592TXR, 1214, 433920000, -48.000000
,,,,,xxxx-xx-xx xx:xx:xx,0,20.722225, 70.000000, 1701381313, Ambient_Weather, 16, 433920000, -52.000000
,,,,,xxxx-xx-xx xx:xx:xx,0,20.000000, 60.000000, 1701381323, Acurite 592TXR, 1214, 433920000, -48.000000
,,,,,xxxx-xx-xx xx:xx:xx,0,20.000000, 60.000000, 1701381355, Acurite 592TXR, 1214, 433920000, -46.500000
,,,,,xxxx-xx-xx xx:xx:xx,0,20.722225, 70.000000, 1701381373, Ambient_Weather, 126, 433920000, -56.000000
,,,,,xxxx-xx-xx xx:xx:xx,0,20.666666, 68.000000, 1701381400, Ambient_Weather, 60, 433920000, -51.500000
,,,,,xxxx-xx-xx xx:xx:xx,0,19.799999, 61.000000, 1701381404, Acurite 592TXR, 1214, 433920000, -47.500000
,,,,,xxxx-xx-xx xx:xx:xx,0,19.799999, 61.000000, 1701381420, Acurite 592TXR, 1214, 433920000, -47.500000
,,,,,xxxx-xx-xx xx:xx:xx,0,19.799999, 61.000000, 1701381437, Acurite 592TXR, 1214, 433920000, -47.500000
,,,,,xxxx-xx-xx xx:xx:xx,0,20.888889, 70.000000, 1701381441, Ambient_Weather, 230, 433920000, -43.000000
,,,,,xxxx-xx-xx xx:xx:xx,0,20.666666, 68.000000, 1701381461, Ambient_Weather, 60, 433920000, -51.500000
,,,,,xxxx-xx-xx xx:xx:xx,0,19.799999, 61.000000, 1701381469, Acurite 592TXR, 1214, 433920000, -46.500000
,,,,,xxxx-xx-xx xx:xx:xx,0,19.799999, 61.000000, 1701381486, Acurite 592TXR, 1214, 433920000, -47.000000
,,,,,xxxx-xx-xx xx:xx:xx,0,20.944443, 69.000000, 1701381494, Ambient_Weather, 230, 433920000, -49.500000
,,,,,xxxx-xx-xx xx:xx:xx,0,19.700001, 61.000000, 1701381502, Acurite 592TXR, 1214, 433920000, -48.500000
20.040001,61.228516,1017.780029,28.057568,-82.431023,2023-12-01 02:58:38,9,19.700001, 61.000000, 1701381518, Acurite 592TXR, 1214, 433920000, -47.500000
19.559999,61.297852,1017.729980,28.057566,-82.431015,2023-12-01 02:58:42,9,20.611111, 68.000000, 1701381522, Ambient_Weather, 60, 433920000, -50.000000
19.080000,61.385742,1017.710022,28.057566,-82.431015,2023-12-01 02:58:54,9,19.700001, 61.000000, 1701381534, Acurite 592TXR, 1214, 433920000, -54.000000
18.920000,61.653320,1017.700012,28.057571,-82.431007,2023-12-01 02:59:07,9,20.888889, 69.000000, 1701381547, Ambient_Weather, 230, 433920000, -49.500000
18.910000,61.541016,1017.710022,28.057571,-82.431007,2023-12-01 02:59:10,9,19.700001, 61.000000, 1701381550, Acurite 592TXR, 1214, 433920000, -52.500000
,,,,,xxxx-xx-xx xx:xx:xx,0,19.700001, 62.000000, 1701381648, Acurite 592TXR, 1214, 433920000, -51.000000
18.860001,62.112305,1017.669983,28.057541,-82.431000,2023-12-01 03:00:53,9,20.722225, 69.000000, 1701381653, Ambient_Weather, 230, 433920000, -49.500000
18.780001,62.157227,1017.630005,28.057541,-82.431000,2023-12-01 03:01:04,9,19.700001, 62.000000, 1701381664, Acurite 592TXR, 1214, 433920000, -51.500000
18.760000,62.209961,1017.630005,28.057535,-82.431000,2023-12-01 03:01:20,9,19.700001, 62.000000, 1701381681, Acurite 592TXR, 1214, 433920000, -49.000000
,,,,,xxxx-xx-xx xx:xx:xx,0,19.700001, 62.000000, 1701381778, Acurite 592TXR, 1214, 433920000, -49.500000
28.760000,52.310783,517.590027,28.057531,-82.431015,2023-12-01 03:03:14,9,19.700001, 62.000000, 1701381794, Acurite 592TXR, 1214, 433920000, -49.000000
28.770000,52.435783,517.599976,28.057507,-82.431007,2023-12-01 03:03:30,9,19.700001, 62.000000, 1701381810, Acurite 592TXR, 1214, 433920000, -47.000000
28.770000,52.390862,517.590027,28.057503,-82.431007,2023-12-01 03:03:32,9,20.555555, 70.000000, 1701381812, Ambient_Weather, 230, 433920000, -48.000000
