temperature_fz,humidity_fz,pressure_fz,lat,long,time_gps,numSats_gps,temperature_pws,humidity_pws,time_pws,protocol_pws,id_pws
23.290001,74.030273,1008.419983,,,2023-11-17 13:51:46,0,21.5,66.0,1700211104.0, Acurite 592TXR,1214.0
23.24,75.020508,1008.419983,,,2023-11-17 13:52:03,0,21.5,66.0,1700211121.0, Acurite 592TXR,1214.0
23.15,75.773438,1008.419983,,,2023-11-17 13:52:19,0,21.5,64.0,1700211137.0, Acurite 592TXR,1214.0
23.040001,76.454102,1008.440002,28.058643,-82.416245,2023-11-17 13:52:35,3,21.5,64.0,1700211153.0, Acurite 592TXR,1214.0
22.93,77.421875,1008.419983,28.058649,-82.416245,2023-11-17 13:52:51,3,21.6,64.0,1700211169.0, Acurite 592TXR,1214.0
22.889999,77.723633,1008.380005,,,2023-11-17 13:53:08,4,21.6,65.0,1700211186.0, Acurite 592TXR,1214.0
22.860001,66.716797,1008.330017,,,2023-11-17 13:53:24,0,21.6,67.0,1700211202.0, Acurite 592TXR,1214.0
22.6,63.998047,1008.369995,,,2023-11-17 13:53:40,3,21.700001,66.0,1700211217.0, Acurite 592TXR,1214.0
22.41,59.532227,1008.330017,,,2023-11-17 13:53:57,0,21.799999,64.0,1700211234.0, Acurite 592TXR,1214.0
22.209999,57.703125,1008.330017,,,2023-11-17 13:54:13,0,22.0,63.0,1700211250.0, Acurite 592TXR,1214.0
22.120001,57.022461,1008.380005,,,2023-11-17 13:54:29,0,22.0,62.0,1700211266.0, Acurite 592TXR,1214.0
22.09,56.641602,1008.340027,,,2023-11-17 13:54:45,0,22.0,62.0,1700211282.0, Acurite 592TXR,1214.0
22.059999,57.025391,1008.340027,,,2023-11-17 13:55:02,0,21.799999,62.0,1700211299.0, Acurite 592TXR,1214.0
21.99,55.647461,1008.349976,,,2023-11-17 13:55:18,0,21.799999,61.0,1700211315.0, Acurite 592TXR,1214.0
23.6,73.626953,1008.219971,28.058712,-82.416115,2023-11-17 14:14:48,3,22.200001,69.0,1700212485.0, Acurite 592TXR,1214.0
23.809999,74.327148,1008.200012,,,2023-11-17 14:15:04,4,22.299999,68.0,1700212502.0, Acurite 592TXR,1214.0
23.49,75.230469,1008.150024,,,2023-11-17 14:15:20,4,22.299999,72.0,1700212518.0, Acurite 592TXR,1214.0
23.25,76.588867,1008.169983,28.058739,-82.416252,2023-11-17 14:15:36,3,22.4,74.0,1700212534.0, Acurite 592TXR,1214.0
23.5,76.764648,1008.099976,,,2023-11-17 14:15:53,4,22.4,75.0,1700212550.0, Acurite 592TXR,1214.0
23.969999,75.699219,1008.150024,,,2023-11-17 14:16:09,0,22.5,76.0,1700212567.0, Acurite 592TXR,1214.0
24.15,75.329102,1008.200012,,,2023-11-17 14:16:25,4,22.5,77.0,1700212583.0, Acurite 592TXR,1214.0
24.120001,75.268555,1008.200012,,,2023-11-17 14:16:41,4,22.5,77.0,1700212599.0, Acurite 592TXR,1214.0
23.92,77.180664,1008.27002,28.058716,-82.416382,2023-11-17 14:25:38,5,24.200001,75.0,1700213135.0, Acurite 592TXR,1214.0
24.58,75.790039,1008.210022,28.058779,-82.416351,2023-11-17 14:29:25,6,25.200001,69.0,1700213363.0, Acurite 592TXR,1214.0
24.68,75.417969,1008.219971,28.058784,-82.416359,2023-11-17 14:29:41,6,25.1,68.0,1700213379.0, Acurite 592TXR,1214.0
24.700001,75.387695,1008.210022,28.058783,-82.416351,2023-11-17 14:29:45,6,25.1,68.0,1700213379.0, Acurite 592TXR,1214.0
24.790001,75.056641,1008.190002,28.058788,-82.416351,2023-11-17 14:29:58,6,25.1,68.0,1700213395.0, Acurite 592TXR,1214.0
24.870001,74.724609,1008.210022,28.058794,-82.416367,2023-11-17 14:30:14,6,25.0,68.0,1700213412.0, Acurite 592TXR,1214.0
24.9,74.519531,1008.179993,28.058798,-82.416374,2023-11-17 14:30:30,6,24.799999,69.0,1700213428.0, Acurite 592TXR,1214.0
24.83,74.84082,1008.200012,28.058798,-82.416374,2023-11-17 14:30:46,7,24.799999,70.0,1700213444.0, Acurite 592TXR,1214.0
24.709999,74.80957,1008.219971,28.058796,-82.416374,2023-11-17 14:31:03,7,24.700001,70.0,1700213460.0, Acurite 592TXR,1214.0
24.58,74.988281,1008.200012,28.058777,-82.416359,2023-11-17 14:31:51,7,24.5,70.0,1700213509.0, Acurite 592TXR,1214.0
24.59,75.223633,1008.190002,28.058769,-82.416336,2023-11-17 14:32:08,7,24.299999,70.0,1700213525.0, Acurite 592TXR,1214.0
24.6,75.238281,1008.210022,28.058784,-82.416321,2023-11-17 14:32:24,7,24.299999,69.0,1700213542.0, Acurite 592TXR,1214.0
24.530001,75.548828,1008.23999,28.058796,-82.416328,2023-11-17 14:32:40,7,24.200001,69.0,1700213558.0, Acurite 592TXR,1214.0
24.52,75.569336,1008.23999,28.058784,-82.416336,2023-11-17 14:32:56,7,24.200001,69.0,1700213574.0, Acurite 592TXR,1214.0
24.620001,75.506836,1008.210022,28.058788,-82.416336,2023-11-17 14:33:13,7,24.1,69.0,1700213590.0, Acurite 592TXR,1214.0
24.93,75.379883,1008.23999,28.058771,-82.416328,2023-11-17 14:33:29,6,24.1,69.0,1700213607.0, Acurite 592TXR,1214.0
25.110001,74.741211,1008.23999,28.058764,-82.416328,2023-11-17 14:33:45,7,24.0,69.0,1700213623.0, Acurite 592TXR,1214.0
25.110001,74.285156,1008.22998,28.058741,-82.416344,2023-11-17 14:34:01,6,24.0,69.0,1700213639.0, Acurite 592TXR,1214.0
25.120001,73.125,1008.22998,28.058783,-82.416306,2023-11-17 14:35:06,6,23.700001,70.0,1700213704.0, Acurite 592TXR,1214.0
24.92,73.742188,1008.190002,28.058758,-82.416328,2023-11-17 14:35:23,7,23.700001,70.0,1700213720.0, Acurite 592TXR,1214.0
24.629999,75.764648,1008.190002,28.058779,-82.416359,2023-11-17 14:36:11,7,23.6,70.0,1700213769.0, Acurite 592TXR,1214.0
24.620001,75.620117,1008.169983,28.058764,-82.416351,2023-11-17 14:36:28,6,23.5,70.0,1700213785.0, Acurite 592TXR,1214.0
24.549999,75.685547,1008.159973,28.058805,-82.416374,2023-11-17 14:36:44,7,23.5,70.0,1700213802.0, Acurite 592TXR,1214.0
24.610001,76.007812,1008.159973,28.058786,-82.416344,2023-11-17 14:37:00,7,23.5,71.0,1700213818.0, Acurite 592TXR,1214.0
24.719999,76.114258,1008.169983,28.058767,-82.416351,2023-11-17 14:37:16,7,23.5,72.0,1700213834.0, Acurite 592TXR,1214.0
24.76,75.275391,1008.150024,28.058756,-82.416367,2023-11-17 14:37:33,6,23.5,72.0,1700213850.0, Acurite 592TXR,1214.0
24.790001,74.87793,1008.130005,28.058798,-82.416367,2023-11-17 14:37:49,7,23.5,72.0,1700213867.0, Acurite 592TXR,1214.0
24.85,75.088867,1008.159973,28.058798,-82.416359,2023-11-17 14:38:05,6,23.5,72.0,1700213883.0, Acurite 592TXR,1214.0
24.940001,75.40625,1008.130005,28.058813,-82.416367,2023-11-17 14:38:21,7,23.5,72.0,1700213899.0, Acurite 592TXR,1214.0
24.959999,74.616211,1008.130005,28.058802,-82.416359,2023-11-17 14:38:38,7,23.5,72.0,1700213915.0, Acurite 592TXR,1214.0
24.940001,74.369141,1008.150024,28.058784,-82.416359,2023-11-17 14:38:54,7,23.5,72.0,1700213932.0, Acurite 592TXR,1214.0
24.93,74.411133,1008.140015,28.058769,-82.416344,2023-11-17 14:39:10,6,23.5,71.0,1700213948.0, Acurite 592TXR,1214.0
24.83,74.449219,1008.140015,28.058813,-82.416306,2023-11-17 14:39:26,7,23.299999,71.0,1700213964.0, Acurite 592TXR,1214.0
24.73,74.344727,1008.119995,28.058832,-82.416367,2023-11-17 14:39:43,7,23.299999,72.0,1700213980.0, Acurite 592TXR,1214.0
24.629999,74.651367,1008.109985,28.058832,-82.416351,2023-11-17 14:39:59,6,23.299999,73.0,1700213997.0, Acurite 592TXR,1214.0
24.459999,75.024414,1008.140015,28.058811,-82.416321,2023-11-17 14:40:15,6,23.299999,73.0,1700214013.0, Acurite 592TXR,1214.0
24.27,75.327148,1008.169983,28.058798,-82.416313,2023-11-17 14:40:31,7,23.299999,73.0,1700214029.0, Acurite 592TXR,1214.0
24.07,75.760742,1008.119995,28.058811,-82.416306,2023-11-17 14:40:48,7,23.299999,73.0,1700214045.0, Acurite 592TXR,1214.0
23.98,76.19043,1008.130005,28.058817,-82.416306,2023-11-17 14:41:04,6,23.299999,73.0,1700214062.0, Acurite 592TXR,1214.0
24.030001,76.231445,1008.119995,28.058853,-82.416313,2023-11-17 14:41:20,7,23.299999,73.0,1700214078.0, Acurite 592TXR,1214.0
24.110001,76.302734,1008.169983,28.058842,-82.416336,2023-11-17 14:41:36,6,23.299999,72.0,1700214094.0, Acurite 592TXR,1214.0
24.209999,76.207031,1008.140015,28.058825,-82.416344,2023-11-17 14:41:53,7,23.200001,72.0,1700214110.0, Acurite 592TXR,1214.0
24.280001,76.229492,1008.150024,28.058821,-82.416359,2023-11-17 14:42:09,7,23.200001,72.0,1700214127.0, Acurite 592TXR,1214.0
24.299999,76.166016,1008.130005,28.058804,-82.416351,2023-11-17 14:42:25,6,23.200001,72.0,1700214143.0, Acurite 592TXR,1214.0
24.309999,76.021484,1008.179993,28.058811,-82.416351,2023-11-17 14:42:41,7,23.200001,72.0,1700214159.0, Acurite 592TXR,1214.0
24.35,75.962891,1008.169983,28.05883,-82.416374,2023-11-17 14:42:58,7,23.200001,72.0,1700214175.0, Acurite 592TXR,1214.0
24.459999,75.882812,1008.159973,28.058823,-82.416359,2023-11-17 14:43:14,7,23.200001,72.0,1700214192.0, Acurite 592TXR,1214.0
23.51,78.487305,1008.349976,28.058699,-82.416328,2023-11-17 14:57:33,6,23.5,76.0,1700215053.0, Acurite 592TXR,1214.0
23.5,78.549805,1008.369995,28.058704,-82.416336,2023-11-17 14:57:49,7,23.5,76.0,1700215069.0, Acurite 592TXR,1214.0
23.43,78.928711,1008.380005,28.058727,-82.416351,2023-11-17 14:58:06,7,23.6,77.0,1700215085.0, Acurite 592TXR,1214.0
23.360001,79.082031,1008.340027,28.058746,-82.416382,2023-11-17 14:58:22,7,24.0,77.0,1700215102.0, Acurite 592TXR,1214.0
23.309999,79.293945,1008.349976,28.058748,-82.416405,2023-11-17 14:58:38,7,24.1,77.0,1700215118.0, Acurite 592TXR,1214.0
23.25,79.474609,1008.349976,28.058741,-82.416412,2023-11-17 14:58:54,6,24.200001,76.0,1700215134.0, Acurite 592TXR,1214.0
23.200001,79.462891,1008.359985,28.058701,-82.416397,2023-11-17 14:59:11,7,24.200001,76.0,1700215150.0, Acurite 592TXR,1214.0
23.15,79.743164,1008.369995,28.058672,-82.416405,2023-11-17 14:59:27,7,24.200001,75.0,1700215167.0, Acurite 592TXR,1214.0
23.15,79.743164,1008.340027,28.05868,-82.416405,2023-11-17 14:59:31,7,24.200001,75.0,1700215167.0, Acurite 592TXR,1214.0
23.16,79.890625,1008.349976,28.058708,-82.416389,2023-11-17 14:59:43,7,24.200001,75.0,1700215183.0, Acurite 592TXR,1214.0
23.190001,80.003906,1008.380005,28.058691,-82.416382,2023-11-17 14:59:59,7,24.200001,75.0,1700215199.0, Acurite 592TXR,1214.0
23.15,80.008789,1008.330017,28.058697,-82.416374,2023-11-17 15:00:16,7,24.200001,74.0,1700215215.0, Acurite 592TXR,1214.0
23.1,80.055664,1008.349976,28.058687,-82.416389,2023-11-17 15:00:32,8,24.200001,74.0,1700215232.0, Acurite 592TXR,1214.0
23.129999,80.006836,1008.330017,28.058685,-82.416397,2023-11-17 15:00:48,8,24.200001,74.0,1700215248.0, Acurite 592TXR,1214.0
23.110001,80.267578,1008.320007,28.058676,-82.416389,2023-11-17 15:01:04,8,24.200001,74.0,1700215264.0, Acurite 592TXR,1214.0
23.09,80.386719,1008.349976,28.05868,-82.416382,2023-11-17 15:01:21,8,27.0,79.0,1700215280.0, Acurite 592TXR,1214.0
23.09,80.374023,1008.359985,28.058712,-82.416367,2023-11-17 15:01:37,8,26.1,85.0,1700215297.0, Acurite 592TXR,1214.0
23.059999,80.359375,1008.369995,28.058718,-82.416389,2023-11-17 15:01:53,8,25.6,87.0,1700215313.0, Acurite 592TXR,1214.0
23.049999,80.412109,1008.349976,28.058731,-82.416397,2023-11-17 15:02:09,8,25.299999,87.0,1700215329.0, Acurite 592TXR,1214.0
23.129999,80.293945,1008.330017,28.058743,-82.416397,2023-11-17 15:02:26,7,25.1,88.0,1700215345.0, Acurite 592TXR,1214.0
23.209999,80.164062,1008.320007,28.058748,-82.416412,2023-11-17 15:03:14,8,24.799999,89.0,1700215394.0, Acurite 592TXR,1214.0
23.219999,80.155273,1008.299988,28.058743,-82.416443,2023-11-17 15:03:31,8,24.700001,89.0,1700215410.0, Acurite 592TXR,1214.0
23.209999,80.120117,1008.320007,28.058744,-82.416443,2023-11-17 15:03:47,8,24.700001,88.0,1700215427.0, Acurite 592TXR,1214.0
23.200001,80.207031,1008.320007,28.058741,-82.416458,2023-11-17 15:04:03,8,24.6,88.0,1700215443.0, Acurite 592TXR,1214.0
23.18,80.292969,1008.309998,28.058735,-82.416451,2023-11-17 15:04:19,8,24.700001,88.0,1700215459.0, Acurite 592TXR,1214.0
23.190001,80.28125,1008.330017,28.058741,-82.416443,2023-11-17 15:04:27,8,24.700001,88.0,1700215466.0, Acurite 592TXR,1214.0
23.219999,80.530273,1008.330017,28.05875,-82.416435,2023-11-17 15:04:43,8,24.700001,89.0,1700215483.0, Acurite 592TXR,1214.0
23.27,80.383789,1008.330017,28.058748,-82.416428,2023-11-17 15:04:59,7,24.700001,89.0,1700215499.0, Acurite 592TXR,1214.0
23.32,80.371094,1008.299988,28.058748,-82.416451,2023-11-17 15:05:15,7,25.0,89.0,1700215515.0, Acurite 592TXR,1214.0
23.34,80.441406,1008.309998,28.058764,-82.416443,2023-11-17 15:05:32,6,25.1,89.0,1700215531.0, Acurite 592TXR,1214.0
23.33,80.362305,1008.320007,28.058777,-82.416374,2023-11-17 15:05:48,7,25.200001,89.0,1700215548.0, Acurite 592TXR,1214.0
23.309999,80.225586,1008.330017,28.058828,-82.416328,2023-11-17 15:06:04,8,25.200001,90.0,1700215564.0, Acurite 592TXR,1214.0
23.280001,80.231445,1008.309998,28.058767,-82.416374,2023-11-17 15:06:20,7,25.200001,90.0,1700215580.0, Acurite 592TXR,1214.0
23.27,80.328125,1008.359985,28.05875,-82.416389,2023-11-17 15:06:37,8,25.200001,90.0,1700215596.0, Acurite 592TXR,1214.0
23.26,80.305664,1008.359985,28.058723,-82.416428,2023-11-17 15:06:53,8,25.200001,90.0,1700215613.0, Acurite 592TXR,1214.0
23.25,80.304688,1008.359985,28.058676,-82.416458,2023-11-17 15:07:09,8,25.200001,90.0,1700215629.0, Acurite 592TXR,1214.0
23.23,80.422852,1008.369995,28.058661,-82.416435,2023-11-17 15:07:25,8,25.1,90.0,1700215645.0, Acurite 592TXR,1214.0
23.18,80.591797,1008.349976,28.058683,-82.41642,2023-11-17 15:07:42,8,25.0,89.0,1700215661.0, Acurite 592TXR,1214.0
23.16,81.009766,1008.349976,28.058706,-82.416428,2023-11-17 15:07:58,8,25.1,89.0,1700215678.0, Acurite 592TXR,1214.0
23.18,81.012695,1008.380005,28.058699,-82.416428,2023-11-17 15:08:14,8,25.200001,89.0,1700215694.0, Acurite 592TXR,1214.0
23.15,80.75293,1008.349976,28.058716,-82.416435,2023-11-17 15:08:30,8,25.1,89.0,1700215710.0, Acurite 592TXR,1214.0
23.129999,80.725586,1008.349976,28.058743,-82.416428,2023-11-17 15:08:47,7,25.1,89.0,1700215726.0, Acurite 592TXR,1214.0
23.120001,80.746094,1008.380005,28.058748,-82.41642,2023-11-17 15:09:03,8,25.0,89.0,1700215743.0, Acurite 592TXR,1214.0
23.120001,80.8125,1008.380005,28.05876,-82.416428,2023-11-17 15:09:19,8,24.799999,89.0,1700215759.0, Acurite 592TXR,1214.0
23.129999,80.90332,1008.340027,28.058771,-82.416435,2023-11-17 15:09:35,8,24.700001,89.0,1700215775.0, Acurite 592TXR,1214.0
23.15,80.860352,1008.349976,28.058771,-82.416435,2023-11-17 15:09:52,7,24.6,88.0,1700215791.0, Acurite 592TXR,1214.0
23.18,80.87793,1008.390015,28.058771,-82.416428,2023-11-17 15:10:08,8,24.6,88.0,1700215808.0, Acurite 592TXR,1214.0
23.139999,80.837891,1008.359985,28.058775,-82.416443,2023-11-17 15:10:24,7,24.5,87.0,1700215824.0, Acurite 592TXR,1214.0
23.059999,80.958008,1008.400024,28.058775,-82.416435,2023-11-17 15:10:40,7,24.299999,86.0,1700215840.0, Acurite 592TXR,1214.0
22.99,81.043945,1008.380005,28.058765,-82.41642,2023-11-17 15:10:57,8,24.200001,86.0,1700215856.0, Acurite 592TXR,1214.0
23.02,81.181641,1008.400024,28.058758,-82.416412,2023-11-17 15:11:13,7,24.200001,86.0,1700215873.0, Acurite 592TXR,1214.0
23.049999,81.109375,1008.400024,28.058769,-82.416451,2023-11-17 15:11:29,7,24.200001,85.0,1700215889.0, Acurite 592TXR,1214.0
23.02,81.216797,1008.409973,28.058781,-82.416458,2023-11-17 15:11:45,7,24.200001,84.0,1700215905.0, Acurite 592TXR,1214.0
23.059999,81.267578,1008.390015,28.058798,-82.416512,2023-11-17 15:12:02,8,24.1,82.0,1700215921.0, Acurite 592TXR,1214.0
23.110001,81.143555,1008.359985,28.058794,-82.416504,2023-11-17 15:12:18,7,24.1,82.0,1700215938.0, Acurite 592TXR,1214.0
23.18,81.19043,1008.369995,28.058798,-82.416473,2023-11-17 15:12:34,7,24.0,82.0,1700215954.0, Acurite 592TXR,1214.0
23.26,80.959961,1008.359985,28.058826,-82.416458,2023-11-17 15:12:50,8,24.0,81.0,1700215970.0, Acurite 592TXR,1214.0
23.309999,80.834961,1008.369995,28.058817,-82.416481,2023-11-17 15:13:07,7,23.799999,80.0,1700215986.0, Acurite 592TXR,1214.0
23.309999,80.704102,1008.369995,28.058922,-82.416405,2023-11-17 15:13:23,6,23.799999,79.0,1700216003.0, Acurite 592TXR,1214.0
23.309999,80.591797,1008.369995,28.058893,-82.416435,2023-11-17 15:13:39,8,23.700001,79.0,1700216019.0, Acurite 592TXR,1214.0
23.309999,80.801758,1008.369995,28.05887,-82.416451,2023-11-17 15:13:55,7,23.6,79.0,1700216035.0, Acurite 592TXR,1214.0
23.32,80.759766,1008.359985,28.058836,-82.416466,2023-11-17 15:14:12,7,23.6,79.0,1700216051.0, Acurite 592TXR,1214.0
23.290001,80.753906,1008.380005,28.05883,-82.416473,2023-11-17 15:14:28,6,23.5,79.0,1700216068.0, Acurite 592TXR,1214.0
23.26,80.982422,1008.369995,28.058825,-82.416489,2023-11-17 15:14:44,7,23.5,79.0,1700216084.0, Acurite 592TXR,1214.0
23.25,81.3125,1008.390015,28.058813,-82.416481,2023-11-17 15:15:00,6,23.5,79.0,1700216100.0, Acurite 592TXR,1214.0
23.24,81.143555,1008.390015,28.058798,-82.416466,2023-11-17 15:15:17,8,23.299999,79.0,1700216116.0, Acurite 592TXR,1214.0
23.190001,81.103516,1008.429993,28.05879,-82.416466,2023-11-17 15:15:33,8,23.299999,79.0,1700216133.0, Acurite 592TXR,1214.0
23.190001,81.101562,1008.409973,28.058764,-82.416435,2023-11-17 15:15:49,8,23.200001,80.0,1700216149.0, Acurite 592TXR,1214.0
23.190001,81.001953,1008.390015,28.05872,-82.416428,2023-11-17 15:16:05,6,23.200001,80.0,1700216165.0, Acurite 592TXR,1214.0
23.27,80.828125,1008.390015,28.058773,-82.416397,2023-11-17 15:16:22,6,23.200001,80.0,1700216181.0, Acurite 592TXR,1214.0
23.370001,80.625,1008.380005,28.058804,-82.416344,2023-11-17 15:16:38,6,23.1,80.0,1700216198.0, Acurite 592TXR,1214.0
23.4,80.397461,1008.400024,28.058773,-82.416351,2023-11-17 15:16:54,6,23.1,80.0,1700216214.0, Acurite 592TXR,1214.0
23.389999,80.285156,1008.400024,28.058767,-82.416382,2023-11-17 15:17:10,7,23.1,80.0,1700216230.0, Acurite 592TXR,1214.0
23.41,80.188477,1008.400024,28.058781,-82.416397,2023-11-17 15:17:27,8,23.1,80.0,1700216246.0, Acurite 592TXR,1214.0
23.389999,80.18457,1008.409973,28.05875,-82.416428,2023-11-17 15:17:43,8,23.0,80.0,1700216263.0, Acurite 592TXR,1214.0
23.32,80.339844,1008.369995,28.05875,-82.416443,2023-11-17 15:17:59,8,23.0,80.0,1700216279.0, Acurite 592TXR,1214.0
23.35,80.200195,1008.390015,28.058764,-82.416473,2023-11-17 15:18:15,6,23.0,80.0,1700216295.0, Acurite 592TXR,1214.0
23.219999,80.397461,1008.390015,28.058775,-82.416435,2023-11-17 15:18:32,8,23.0,80.0,1700216311.0, Acurite 592TXR,1214.0
23.16,80.464844,1008.390015,28.058777,-82.416405,2023-11-17 15:18:48,8,23.0,80.0,1700216328.0, Acurite 592TXR,1214.0
23.200001,80.461914,1008.390015,28.058786,-82.416397,2023-11-17 15:19:04,7,22.799999,81.0,1700216344.0, Acurite 592TXR,1214.0
23.110001,80.65625,1008.380005,28.058802,-82.41642,2023-11-17 15:19:20,8,22.799999,81.0,1700216360.0, Acurite 592TXR,1214.0
23.040001,80.832031,1008.409973,28.058807,-82.416435,2023-11-17 15:19:37,8,22.799999,81.0,1700216376.0, Acurite 592TXR,1214.0
23.1,80.929688,1008.380005,28.058832,-82.416397,2023-11-17 15:19:53,8,22.799999,81.0,1700216393.0, Acurite 592TXR,1214.0
23.200001,80.881836,1008.369995,28.058823,-82.416405,2023-11-17 15:20:09,8,22.700001,81.0,1700216409.0, Acurite 592TXR,1214.0
23.24,80.790039,1008.349976,28.058836,-82.416405,2023-11-17 15:20:25,8,22.700001,81.0,1700216425.0, Acurite 592TXR,1214.0
23.299999,80.668945,1008.349976,28.058764,-82.416389,2023-11-17 15:20:42,8,22.700001,81.0,1700216441.0, Acurite 592TXR,1214.0
23.24,80.501953,1008.359985,28.058733,-82.416344,2023-11-17 15:20:58,7,22.700001,81.0,1700216458.0, Acurite 592TXR,1214.0
23.07,80.758789,1008.400024,28.058699,-82.416359,2023-11-17 15:21:14,8,22.700001,81.0,1700216474.0, Acurite 592TXR,1214.0
23.02,80.882812,1008.429993,28.058714,-82.416389,2023-11-17 15:21:30,8,22.700001,81.0,1700216490.0, Acurite 592TXR,1214.0
22.940001,80.991211,1008.400024,28.058744,-82.416451,2023-11-17 15:21:47,8,22.700001,81.0,1700216506.0, Acurite 592TXR,1214.0
23.0,81.267578,1008.359985,28.058744,-82.416412,2023-11-17 15:22:03,8,22.6,81.0,1700216523.0, Acurite 592TXR,1214.0
23.07,81.169922,1008.359985,,,2023-11-17 15:22:19,0,22.6,81.0,1700216539.0, Acurite 592TXR,1214.0
23.08,81.149414,1008.380005,,,2023-11-17 15:22:35,0,22.6,81.0,1700216555.0, Acurite 592TXR,1214.0
23.219999,80.808594,1008.359985,,,2023-11-17 15:22:52,0,22.5,81.0,1700216571.0, Acurite 592TXR,1214.0
,,,,,2023-11-17 15:23:06,0,22.5,82.0,1700216636.0, Acurite 592TXR,1214.0
,,,,,2023-11-17 15:23:06,0,22.4,82.0,1700216653.0, Acurite 592TXR,1214.0
,,,,,2023-11-17 15:23:06,0,22.4,82.0,1700216669.0, Acurite 592TXR,1214.0
,,,,,2023-11-17 15:23:06,0,22.4,82.0,1700216701.0, Acurite 592TXR,1214.0
,,,,,2023-11-17 15:23:06,0,22.4,82.0,1700216718.0, Acurite 592TXR,1214.0
24.74,75.785156,1006.299988,,,2023-11-17 19:02:14,0,26.799999,60.0,1700229733.0, Acurite 592TXR,1214.0
24.889999,75.173828,1006.299988,,,2023-11-17 19:02:30,0,26.799999,60.0,1700229749.0, Acurite 592TXR,1214.0
24.809999,74.771484,1006.340027,,,2023-11-17 19:02:54,0,26.799999,60.0,1700229749.0, Acurite 592TXR,1214.0
25.01,74.536133,1006.340027,,,2023-11-17 19:03:19,0,27.0,59.0,1700229798.0, Acurite 592TXR,1214.0
25.120001,74.352539,1006.320007,,,2023-11-17 19:03:35,0,27.1,59.0,1700229814.0, Acurite 592TXR,1214.0
25.370001,74.294922,1006.309998,,,2023-11-17 19:03:51,0,27.1,59.0,1700229830.0, Acurite 592TXR,1214.0
,,,,,2023-11-17 19:03:55,0,27.1,59.0,1700229830.0, Acurite 592TXR,1214.0
,,,,,2023-11-17 19:04:00,0,27.1,59.0,1700229847.0, Acurite 592TXR,1214.0
24.33,71.137695,730.309998,,,2023-11-17 19:04:24,0,27.1,59.0,1700229863.0, Acurite 592TXR,1214.0
24.33,71.137695,730.309998,,,2023-11-17 19:04:40,0,27.1,59.0,1700229879.0, Acurite 592TXR,1214.0
24.33,71.137695,730.309998,,,2023-11-17 19:04:56,0,27.1,59.0,1700229879.0, Acurite 592TXR,1214.0
24.33,71.137695,730.309998,,,2023-11-17 19:04:56,0,27.200001,59.0,1700229895.0, Acurite 592TXR,1214.0
24.33,71.137695,730.309998,28.059067,-82.415459,2023-11-17 19:05:13,4,27.200001,59.0,1700229912.0, Acurite 592TXR,1214.0
24.33,71.137695,730.309998,28.059072,-82.415489,2023-11-17 19:05:29,6,27.200001,59.0,1700229928.0, Acurite 592TXR,1214.0
24.33,71.137695,730.309998,28.059076,-82.415512,2023-11-17 19:05:45,6,27.200001,59.0,1700229944.0, Acurite 592TXR,1214.0
24.33,71.137695,730.309998,28.059076,-82.415512,2023-11-17 19:05:57,6,27.200001,59.0,1700229944.0, Acurite 592TXR,1214.0
24.33,71.137695,730.309998,28.059076,-82.415512,2023-11-17 19:06:01,7,27.200001,59.0,1700229960.0, Acurite 592TXR,1214.0
24.33,71.137695,730.309998,28.059071,-82.415527,2023-11-17 19:06:18,7,27.200001,59.0,1700229977.0, Acurite 592TXR,1214.0
24.33,71.137695,730.309998,28.059067,-82.415527,2023-11-17 19:06:34,7,27.299999,59.0,1700229993.0, Acurite 592TXR,1214.0
24.33,71.137695,730.309998,28.059074,-82.415504,2023-11-17 19:06:50,7,27.299999,59.0,1700230009.0, Acurite 592TXR,1214.0
24.33,71.137695,730.309998,28.059072,-82.415497,2023-11-17 19:06:58,7,27.299999,59.0,1700230009.0, Acurite 592TXR,1214.0
24.33,71.137695,730.309998,28.059071,-82.415497,2023-11-17 19:07:06,7,27.299999,59.0,1700230025.0, Acurite 592TXR,1214.0
24.33,71.137695,730.309998,28.059071,-82.415482,2023-11-17 19:07:23,7,27.299999,59.0,1700230042.0, Acurite 592TXR,1214.0
24.33,71.137695,730.309998,28.059061,-82.415482,2023-11-17 19:07:39,7,27.299999,59.0,1700230058.0, Acurite 592TXR,1214.0
24.33,71.137695,730.309998,28.059059,-82.415489,2023-11-17 19:07:55,7,27.299999,59.0,1700230074.0, Acurite 592TXR,1214.0
24.33,71.137695,730.309998,28.059057,-82.415489,2023-11-17 19:07:59,7,27.299999,59.0,1700230074.0, Acurite 592TXR,1214.0
24.33,71.137695,730.309998,28.059059,-82.415482,2023-11-17 19:08:11,6,27.5,59.0,1700230090.0, Acurite 592TXR,1214.0
24.33,71.137695,730.309998,28.059088,-82.415489,2023-11-17 19:09:00,6,27.5,59.0,1700230090.0, Acurite 592TXR,1214.0
24.33,71.137695,730.309998,28.059067,-82.415474,2023-11-17 19:09:16,7,27.6,60.0,1700230155.0, Acurite 592TXR,1214.0
24.33,71.137695,730.309998,28.059055,-82.415451,2023-11-17 19:10:01,7,27.6,60.0,1700230155.0, Acurite 592TXR,1214.0
24.33,71.137695,730.309998,28.059099,-82.415466,2023-11-17 19:11:02,7,27.6,60.0,1700230155.0, Acurite 592TXR,1214.0
24.33,71.137695,730.309998,28.059105,-82.415466,2023-11-17 19:11:10,7,27.799999,59.0,1700230269.0, Acurite 592TXR,1214.0
24.33,71.137695,730.309998,28.059116,-82.415512,2023-11-17 19:11:43,8,27.799999,60.0,1700230302.0, Acurite 592TXR,1214.0
24.33,71.137695,730.309998,28.059113,-82.415527,2023-11-17 19:11:59,8,27.799999,60.0,1700230318.0, Acurite 592TXR,1214.0
24.33,71.137695,730.309998,28.059111,-82.415535,2023-11-17 19:12:03,8,27.799999,60.0,1700230318.0, Acurite 592TXR,1214.0
24.33,71.137695,730.309998,28.059101,-82.415543,2023-11-17 19:12:15,8,27.799999,60.0,1700230334.0, Acurite 592TXR,1214.0
24.33,71.137695,730.309998,28.059099,-82.415543,2023-11-17 19:12:31,8,27.799999,60.0,1700230350.0, Acurite 592TXR,1214.0
24.33,71.137695,730.309998,28.059072,-82.415512,2023-11-17 19:16:03,8,28.1,59.0,1700230562.0, Acurite 592TXR,1214.0
24.33,71.137695,730.309998,28.059076,-82.415504,2023-11-17 19:16:19,8,28.1,59.0,1700230578.0, Acurite 592TXR,1214.0
24.33,71.137695,730.309998,28.059078,-82.415527,2023-11-17 19:16:35,8,28.1,58.0,1700230594.0, Acurite 592TXR,1214.0
,,,28.05908,-82.415527,2023-11-17 19:16:42,8,28.1,58.0,1700230627.0, Acurite 592TXR,1214.0
,,,,,xxxx-xx-xx xx:xx:xx,0,17.4,60.0,1701109756.0, Acurite 592TXR,1214.0
,,,,,xxxx-xx-xx xx:xx:xx,0,17.299999,60.0,1701109772.0, Acurite 592TXR,1214.0
,,,,,xxxx-xx-xx xx:xx:xx,0,17.299999,60.0,1701109772.0, Acurite 592TXR,1214.0
,,,,,xxxx-xx-xx xx:xx:xx,0,17.200001,61.0,1701109788.0, Acurite 592TXR,1214.0
,,,,,xxxx-xx-xx xx:xx:xx,0,17.200001,61.0,1701109788.0, Acurite 592TXR,1214.0
,,,,,xxxx-xx-xx xx:xx:xx,0,17.200001,61.0,1701109821.0, Acurite 592TXR,1214.0
,,,,,xxxx-xx-xx xx:xx:xx,0,17.200001,61.0,1701109821.0, Acurite 592TXR,1214.0
,,,,,xxxx-xx-xx xx:xx:xx,0,17.200001,61.0,1701109821.0, Acurite 592TXR,1214.0
,,,,,xxxx-xx-xx xx:xx:xx,0,17.200001,61.0,1701109821.0, Acurite 592TXR,1214.0
,,,,,xxxx-xx-xx xx:xx:xx,0,17.200001,61.0,1701109821.0, Acurite 592TXR,1214.0
,,,,,xxxx-xx-xx xx:xx:xx,0,17.200001,61.0,1701109821.0, Acurite 592TXR,1214.0
,,,,,xxxx-xx-xx xx:xx:xx,0,17.200001,61.0,1701109821.0, Acurite 592TXR,1214.0
,,,,,xxxx-xx-xx xx:xx:xx,0,17.200001,61.0,1701109821.0, Acurite 592TXR,1214.0
,,,,,xxxx-xx-xx xx:xx:xx,0,16.9,63.0,1701109951.0, Acurite 592TXR,1214.0
,,,,,xxxx-xx-xx xx:xx:xx,0,16.9,64.0,1701109967.0, Acurite 592TXR,1214.0
,,,,,xxxx-xx-xx xx:xx:xx,0,16.9,64.0,1701109967.0, Acurite 592TXR,1214.0
,,,,,xxxx-xx-xx xx:xx:xx,0,16.9,64.0,1701109967.0, Acurite 592TXR,1214.0
,,,,,xxxx-xx-xx xx:xx:xx,0,16.9,64.0,1701109983.0, Acurite 592TXR,1214.0
,,,,,xxxx-xx-xx xx:xx:xx,0,16.9,64.0,1701110000.0, Acurite 592TXR,1214.0
,,,,,xxxx-xx-xx xx:xx:xx,0,16.9,64.0,1701110000.0, Acurite 592TXR,1214.0
,,,,,xxxx-xx-xx xx:xx:xx,0,16.9,65.0,1701110016.0, Acurite 592TXR,1214.0
,,,,,xxxx-xx-xx xx:xx:xx,0,16.9,65.0,1701110016.0, Acurite 592TXR,1214.0
,,,,,xxxx-xx-xx xx:xx:xx,0,16.9,65.0,1701110032.0, Acurite 592TXR,1214.0
,,,,,xxxx-xx-xx xx:xx:xx,0,16.9,65.0,1701110048.0, Acurite 592TXR,1214.0
,,,,,xxxx-xx-xx xx:xx:xx,0,16.9,64.0,1701110065.0, Acurite 592TXR,1214.0
,,,,,xxxx-xx-xx xx:xx:xx,0,16.9,64.0,1701110065.0, Acurite 592TXR,1214.0
,,,,,xxxx-xx-xx xx:xx:xx,0,17.0,63.0,1701110081.0, Acurite 592TXR,1214.0
,,,,,xxxx-xx-xx xx:xx:xx,0,17.0,63.0,1701110081.0, Acurite 592TXR,1214.0
,,,,,xxxx-xx-xx xx:xx:xx,0,17.0,63.0,1701110097.0, Acurite 592TXR,1214.0
,,,,,xxxx-xx-xx xx:xx:xx,0,17.0,63.0,1701110113.0, Acurite 592TXR,1214.0
,,,,,xxxx-xx-xx xx:xx:xx,0,16.9,64.0,1701110130.0, Acurite 592TXR,1214.0
15.15,45.331055,1021.710022,28.05966,-82.406006,2023-11-28 17:20:24,6,17.299999,41.0,1701174037.0, Acurite 592TXR,1214.0
15.24,43.84375,1021.630005,28.059639,-82.406021,2023-11-28 17:20:40,8,17.1,41.0,1701174053.0, Acurite 592TXR,1214.0
15.09,43.740234,1021.590027,28.059643,-82.406036,2023-11-28 17:21:27,8,16.700001,42.0,1701174102.0, Acurite 592TXR,1214.0
15.04,44.34082,1021.590027,28.059629,-82.406059,2023-11-28 17:21:59,8,16.4,42.0,1701174134.0, Acurite 592TXR,1214.0
,,,,,2023-11-28 18:42:40,0,19.1,50.0,1701178976.0, Acurite 592TXR,1214.0
24.33,71.137695,730.309998,,,2023-11-28 18:42:57,0,19.1,50.0,1701178992.0, Acurite 592TXR,1214.0
24.33,71.137695,730.309998,,,2023-11-28 18:43:13,0,19.299999,50.0,1701179008.0, Acurite 592TXR,1214.0
24.33,71.137695,730.309998,,,2023-11-28 18:43:29,0,19.4,50.0,1701179025.0, Acurite 592TXR,1214.0
,,,,,2023-11-28 18:43:45,0,19.6,50.0,1701179041.0, Acurite 592TXR,1214.0
,,,,,2023-11-28 18:43:45,0,19.700001,50.0,1701179057.0, Acurite 592TXR,1214.0
,,,,,2023-11-28 18:43:45,0,19.799999,50.0,1701179073.0, Acurite 592TXR,1214.0
,,,,,2023-11-28 18:43:45,0,20.0,49.0,1701179090.0, Acurite 592TXR,1214.0
,,,,,2023-11-28 18:43:45,0,20.1,49.0,1701179106.0, Acurite 592TXR,1214.0
,,,,,2023-11-28 18:43:45,0,20.1,49.0,1701179122.0, Acurite 592TXR,1214.0
,,,,,2023-11-28 18:43:45,0,20.200001,49.0,1701179138.0, Acurite 592TXR,1214.0
,,,,,2023-11-28 18:43:45,0,20.299999,49.0,1701179155.0, Acurite 592TXR,1214.0
,,,,,2023-11-28 18:43:45,0,20.299999,49.0,1701179171.0, Acurite 592TXR,1214.0
,,,,,2023-11-28 18:43:45,0,20.4,49.0,1701179187.0, Acurite 592TXR,1214.0
,,,,,2023-11-28 18:43:45,0,20.4,49.0,1701179203.0, Acurite 592TXR,1214.0
,,,,,2023-11-28 18:43:45,0,20.5,49.0,1701179220.0, Acurite 592TXR,1214.0
,,,,,2023-11-28 18:46:59,0,20.5,49.0,1701179236.0, Acurite 592TXR,1214.0
24.33,71.137695,730.309998,,,2023-11-28 18:47:17,0,20.6,49.0,1701179252.0, Acurite 592TXR,1214.0
24.33,71.137695,730.309998,,,2023-11-28 18:47:33,0,20.6,48.0,1701179268.0, Acurite 592TXR,1214.0
,,,,,2023-11-28 18:47:33,0,20.6,48.0,1701179285.0, Acurite 592TXR,1214.0
,,,,,2023-11-28 18:48:06,0,20.700001,48.0,1701179301.0, Acurite 592TXR,1214.0
,,,,,2023-11-28 18:48:18,0,20.700001,48.0,1701179317.0, Acurite 592TXR,1214.0
,,,,,2023-11-28 18:48:18,0,20.799999,48.0,1701179333.0, Acurite 592TXR,1214.0
,,,,,2023-11-28 18:48:18,0,20.799999,48.0,1701179350.0, Acurite 592TXR,1214.0
,,,,,2023-11-28 18:48:18,0,20.799999,48.0,1701179366.0, Acurite 592TXR,1214.0
,,,,,2023-11-28 18:48:18,0,20.799999,48.0,1701179382.0, Acurite 592TXR,1214.0
,,,,,2023-11-28 18:48:18,0,21.0,47.0,1701179398.0, Acurite 592TXR,1214.0
,,,,,2023-11-28 18:48:18,0,21.0,47.0,1701179415.0, Acurite 592TXR,1214.0
,,,,,2023-11-28 18:48:18,0,21.0,47.0,1701179431.0, Acurite 592TXR,1214.0
,,,,,2023-11-28 18:48:18,0,21.0,47.0,1701179447.0, Acurite 592TXR,1214.0
,,,,,2023-11-28 18:48:18,0,21.0,47.0,1701179463.0, Acurite 592TXR,1214.0
,,,,,2023-11-28 18:48:18,0,21.1,47.0,1701179480.0, Acurite 592TXR,1214.0
,,,,,2023-11-28 18:48:18,0,21.1,47.0,1701179496.0, Acurite 592TXR,1214.0
,,,,,2023-11-28 18:48:18,0,21.1,47.0,1701179512.0, Acurite 592TXR,1214.0
,,,,,2023-11-28 18:48:18,0,21.1,47.0,1701179528.0, Acurite 592TXR,1214.0
,,,,,2023-11-28 18:48:18,0,21.1,47.0,1701179545.0, Acurite 592TXR,1214.0
24.33,71.137695,730.309998,,,2023-11-28 18:52:26,0,21.1,47.0,1701179561.0, Acurite 592TXR,1214.0
,,,,,2023-11-28 18:52:29,0,21.1,47.0,1701179577.0, Acurite 592TXR,1214.0
24.33,71.137695,730.309998,,,2023-11-28 18:52:58,0,21.200001,47.0,1701179593.0, Acurite 592TXR,1214.0
24.33,71.137695,730.309998,,,2023-11-28 18:53:15,0,21.200001,47.0,1701179610.0, Acurite 592TXR,1214.0
,,,,,2023-11-28 18:53:21,0,21.200001,47.0,1701179626.0, Acurite 592TXR,1214.0
,,,,,2023-11-28 18:53:21,0,21.200001,47.0,1701179642.0, Acurite 592TXR,1214.0
,,,,,2023-11-28 18:53:21,0,21.5,47.0,1701179658.0, Acurite 592TXR,1214.0
,,,,,2023-11-28 18:53:21,0,21.799999,47.0,1701179675.0, Acurite 592TXR,1214.0
,,,,,2023-11-28 18:53:21,0,22.1,46.0,1701179691.0, Acurite 592TXR,1214.0
,,,,,2023-11-28 18:53:21,0,22.200001,46.0,1701179707.0, Acurite 592TXR,1214.0
,,,,,2023-11-28 18:53:21,0,22.200001,46.0,1701179723.0, Acurite 592TXR,1214.0
,,,,,2023-11-28 18:53:21,0,22.200001,46.0,1701179740.0, Acurite 592TXR,1214.0
,,,,,2023-11-28 18:53:21,0,22.200001,46.0,1701179756.0, Acurite 592TXR,1214.0
,,,,,2023-11-28 18:53:21,0,22.200001,45.0,1701179772.0, Acurite 592TXR,1214.0
,,,,,2023-11-28 18:53:21,0,22.200001,45.0,1701179788.0, Acurite 592TXR,1214.0
,,,,,2023-11-28 18:53:21,0,22.200001,45.0,1701179805.0, Acurite 592TXR,1214.0
,,,,,2023-11-28 18:53:21,0,22.200001,45.0,1701179821.0, Acurite 592TXR,1214.0
,,,,,2023-11-28 18:53:21,0,22.200001,45.0,1701179837.0, Acurite 592TXR,1214.0
,,,,,2023-11-28 18:53:21,0,22.200001,45.0,1701179853.0, Acurite 592TXR,1214.0
,,,,,2023-11-28 18:53:21,0,22.1,45.0,1701179870.0, Acurite 592TXR,1214.0
,,,,,2023-11-28 18:53:21,0,22.1,45.0,1701179886.0, Acurite 592TXR,1214.0
,,,,,2023-11-28 18:53:21,0,22.1,45.0,1701179902.0, Acurite 592TXR,1214.0
,,,,,2023-11-28 18:53:21,0,22.1,45.0,1701179918.0, Acurite 592TXR,1214.0
,,,,,2023-11-28 18:58:33,0,22.1,45.0,1701179935.0, Acurite 592TXR,1214.0
